Wall time,Step,Value
1766945070.2509274,0,0.8232706189155579
1766945178.9601026,1,0.9127545356750488
1766945288.255948,2,0.9367157220840454
1766945396.2208714,3,0.9506911635398865
1766945506.1305008,4,0.9599675536155701
1766945614.5518425,5,0.9698222279548645
1766945722.4265687,6,0.9730728268623352
1766945832.296978,7,0.9752225279808044
1766945943.523785,8,0.9823064208030701
1766946051.1262982,9,0.9795339107513428
1766946161.0187452,10,0.9819844961166382
1766946269.7144666,11,0.9850232601165771
1766946377.917188,12,0.9855119585990906
1766946489.6867437,13,0.986082136631012
1766947711.6504827,14,0.9855149984359741
1766947817.0286667,15,0.9865884184837341
1766947923.254107,16,0.9890232086181641
1766948028.8837836,17,0.9903367757797241
1766948136.1689355,18,0.9914040565490723
1766948251.8588254,19,0.9916480779647827
1766948357.7294495,20,0.9915642738342285
1766948463.9080822,21,0.9925469160079956
1766948569.578879,22,0.9914854168891907
1766948675.6858213,23,0.9923104643821716
1766948785.3550677,24,0.991485059261322
1766948890.7955189,25,0.9946764707565308
1766949001.1136801,26,0.9964792728424072
1766949111.0444722,27,0.995742678642273
1766949223.1694455,28,0.9960705041885376
1766949329.614544,29,0.9959903359413147
