Wall time,Step,Value
1766945070.250947,0,0.8207500576972961
1766945178.9601235,1,0.9118080735206604
1766945288.2559826,2,0.9364559650421143
1766945396.220906,3,0.9505404233932495
1766945506.130521,4,0.9598755240440369
1766945614.5518625,5,0.9697838425636292
1766945722.4265883,6,0.9730592966079712
1766945832.2970128,7,0.9751883149147034
1766945943.5238047,8,0.9823125004768372
1766946051.126318,9,0.9795283079147339
1766946161.0187638,10,0.9819849133491516
1766946269.7144873,11,0.9850147366523743
1766946377.9172091,12,0.9855060577392578
1766946489.6867642,13,0.9860792756080627
1766946598.4375641,14,0.9886177778244019
1766947264.0048716,13,0.9849328398704529
1766947377.7523227,14,0.9878807663917542
1766947599.7329829,13,0.9876351356506348
1766947711.6505024,14,0.9855060577392578
1766947817.0286868,15,0.9865705966949463
1766947923.254128,16,0.989027202129364
1766948028.8838038,17,0.9903373718261719
1766948136.1689599,18,0.9914019107818604
1766948251.8588479,19,0.9916475415229797
1766948357.7294686,20,0.9915656447410583
1766948463.908105,21,0.9925482869148254
1766948569.5788999,22,0.9914838075637817
1766948675.6858416,23,0.992302656173706
1766948785.3550873,24,0.9914838075637817
1766948890.7955391,25,0.9946773648262024
1766949001.1137004,26,0.9964788556098938
1766949111.0445046,27,0.9957419037818909
1766949223.1694798,28,0.9960694313049316
1766949329.6145723,29,0.9959875345230103
