Model,IoU,Dice,Avg Inference Time (ms/img),Total Time (s),Avg CPU (%),Max RAM (MB),Max GPU Mem (MB)
SegFormer,0.42354485,0.55715555,15.654196516115066,26.768676042556763,48.00093457943927,1202.8046875,35.07275390625
YOLOv8,0.35321388,0.46494862,60.371998736732884,103.23611783981323,63.08317757009346,1508.25,126.419921875
YOLOv12,0.37676495,0.49577343,59.89586902640716,102.42193603515625,61.591588785046724,1605.97265625,212.111328125
