Model,Accuracy,Avg Inference Time (ms/img),Total Time (s),Avg CPU (%),Max RAM (%),Max GPU Mem (MB),Włosowate Precision,Włosowate Recall,Włosowate F1-Score,Małe Precision,Małe Recall,Małe F1-Score,Średnie Precision,Średnie Recall,Średnie F1-Score,Duże Precision,Duże Recall,Duże F1-Score
EfficientNet,0.9316582914572864,39.22774228618373,39.03160357475281,98.87460317460318,63.6,0.0,0.8548387096774194,0.9137931034482759,0.8833333333333333,0.8404907975460123,0.9133333333333333,0.8753993610223643,0.9213973799126638,0.854251012145749,0.8865546218487395,0.9722735674676525,0.9740740740740741,0.973172987974098
ConvNeXt,0.9547738693467337,77.718694245995,77.33010077476501,99.9047619047619,63.3,0.0,0.9818181818181818,0.9310344827586207,0.9557522123893806,0.9006211180124224,0.9666666666666667,0.932475884244373,0.9259259259259259,0.9109311740890689,0.9183673469387755,0.9813432835820896,0.9740740740740741,0.9776951672862454
Ensemble (Eff+Conv),0.9517587939698492,111.89591057935553,111.33643102645874,99.92222222222222,62.8,0.0,0.9642857142857143,0.9310344827586207,0.9473684210526315,0.8834355828220859,0.96,0.9201277955271565,0.9253112033195021,0.902834008097166,0.9139344262295082,0.983177570093458,0.9740740740740741,0.9786046511627907
